{"model_name":"linear_regression","metrics":{"test_rmse":0.7297676845,"test_mae":0.5841825794,"test_r2":0.6795045054}}